model,cv_f1_macro_mean,cv_f1_macro_std,test_accuracy,test_f1_macro,test_roc_auc_ovr
XGBoost,0.8030833852260588,0.025974465239046365,0.9661971830985916,0.95521424530059,0.9880861093374663
GradientBoosting,0.8141997111557456,0.05379359129969784,0.955868544600939,0.9428329653449096,0.9890827136822816
RandomForest,0.7021395487812347,0.04765171696530837,0.9502347417840376,0.9349321293728147,0.9850240154412112
LogisticRegression,0.7481346763679154,0.018374297434876615,0.8685446009389671,0.8079761674975935,0.9516258915120371
