model,cv_r2_mean,cv_r2_std,test_r2,test_mae,test_rmse
RandomForest,0.38710308058332005,0.1451626995302857,0.7563793835651752,0.13091676936213567,0.3742255839859565
GradientBoosting,0.2868845170382472,0.189002527627648,0.7342224447973359,0.1922006625149823,0.390872941421262
XGBoost,0.3055141208227152,0.17758157912361675,0.7153066069415694,0.1574315913183301,0.40454342791378495
LinearRegression,0.048949884543710034,0.31295311790049246,-0.18948143640850357,0.35557241987369426,0.8269043759711868
